{"x_list": [0, 10, 20, 30, 40, 50], "y_list": [0.13920770585536957, 0.1299518644809723, 0.14402072131633759, 0.15808957815170288, 0.16660495102405548, 0.16993705928325653], "args": {"dataset": "cora", "model": "gcn", "learning_rate": 0.01, "epochs": 60, "hidden": 64, "dropout": 0.8, "weight_decay": 0.001, "early_stopping": 10, "max_degree": 3, "few_label_seed": 0, "few_label_number": 1, "confidence_threshold": 0.75, "feature_normalize": true, "exp_id": "1", "exp_times": "0"}}