{"x_list": [0, 10, 20, 30, 40, 50], "y_list": [0.14179933071136475, 0.12365789711475372, 0.12884116172790527, 0.13883747160434723, 0.1480932980775833, 0.16734541952610016], "args": {"dataset": "cora", "model": "gcn", "learning_rate": 0.01, "epochs": 60, "hidden": 64, "dropout": 0.8, "weight_decay": 0.001, "early_stopping": 10, "max_degree": 3, "few_label_seed": 0, "few_label_number": 1, "confidence_threshold": 0.75, "feature_normalize": true, "exp_id": "1", "exp_times": "8"}}