{"x_list": [0, 10, 20, 30, 40, 50], "y_list": [0.14476118981838226, 0.13698630034923553, 0.14476118981838226, 0.16475379467010498, 0.18326544761657715, 0.19622360169887543], "args": {"dataset": "cora", "model": "gcn", "learning_rate": 0.01, "epochs": 60, "hidden": 64, "dropout": 0.8, "weight_decay": 0.001, "early_stopping": 10, "max_degree": 3, "few_label_seed": 0, "few_label_number": 1, "confidence_threshold": 0.75, "feature_normalize": true, "exp_id": "1", "exp_times": "1"}}