{"x_list": [0, 10, 20, 30, 40, 50], "y_list": [0.14253979921340942, 0.16882635653018951, 0.20288781821727753, 0.21658644080162048, 0.22769342362880707, 0.23954088985919952], "args": {"dataset": "cora", "model": "gcn", "learning_rate": 0.01, "epochs": 60, "hidden": 64, "dropout": 0.8, "weight_decay": 0.001, "early_stopping": 10, "max_degree": 3, "few_label_seed": 0, "few_label_number": 1, "confidence_threshold": 0.75, "feature_normalize": true, "exp_id": "1", "exp_times": "9"}}