{"x_list": [0, 10, 20, 30, 40, 50], "y_list": [0.14031840860843658, 0.13402442634105682, 0.14402073621749878, 0.1621621549129486, 0.1762310266494751, 0.19844500720500946], "args": {"dataset": "cora", "model": "gcn", "learning_rate": 0.01, "epochs": 60, "hidden": 64, "dropout": 0.8, "weight_decay": 0.001, "early_stopping": 10, "max_degree": 3, "few_label_seed": 0, "few_label_number": 1, "confidence_threshold": 0.75, "feature_normalize": true, "exp_id": "1", "exp_times": "3"}}