{"x_list": [0, 10, 20, 30, 40, 50, 60, 70, 80, 90, 100, 110, 120, 130, 140, 150, 160, 170, 180, 190, 200, 210, 220, 230, 240, 250, 260, 270, 280, 290, 300, 310, 320, 330, 340, 350, 360, 370, 380, 390, 400, 410, 420, 430, 440, 450, 460, 470, 480, 490], "y_list": [0.1347648948431015, 0.16845612227916718, 0.20621991157531738, 0.21251386404037476, 0.22547204792499542, 0.28026655316352844, 0.2913735508918762, 0.2910033166408539, 0.3098852336406708, 0.3420954942703247, 0.34727877378463745, 0.3487597107887268, 0.339133620262146, 0.334320604801178, 0.33506107330322266, 0.3432062268257141, 0.3295075595378876, 0.3306182622909546, 0.33024805784225464, 0.3250647783279419, 0.3224731683731079, 0.33876341581344604, 0.3439466655254364, 0.34468716382980347, 0.35505369305610657, 0.35764530301094055, 0.3609774112701416, 0.3591262400150299, 0.3628285825252533, 0.3731951117515564, 0.37171420454978943, 0.36690112948417664, 0.38763418793678284, 0.4020732641220093, 0.3994816243648529, 0.3891151249408722, 0.3976304531097412, 0.4017030596733093, 0.4024435579776764, 0.4150314927101135, 0.398741215467453, 0.4176230728626251, 0.4142909348011017, 0.4120696187019348, 0.41688260436058044, 0.4035542607307434, 0.3994816839694977, 0.4135504961013794, 0.41318026185035706, 0.3968900740146637], "args": {"dataset": "cora", "model": "gcn", "learning_rate": 0.03, "epochs": 500, "hidden": 64, "dropout": 0.8, "weight_decay": 0.001, "early_stopping": 10, "max_degree": 3, "few_label_seed": 0, "few_label_number": 1, "confidence_threshold": 0.6, "feature_normalize": true, "exp_id": "0", "exp_times": "1"}}