{"x_list": [0, 10, 20, 30, 40, 50], "y_list": [0.14216956496238708, 0.12328767776489258, 0.12958163022994995, 0.14291003346443176, 0.14216956496238708, 0.14735282957553864], "args": {"dataset": "cora", "model": "gcn", "learning_rate": 0.01, "epochs": 60, "hidden": 64, "dropout": 0.8, "weight_decay": 0.001, "early_stopping": 10, "max_degree": 3, "few_label_seed": 0, "few_label_number": 1, "confidence_threshold": 0.75, "feature_normalize": true, "exp_id": "2", "exp_times": "8"}}