{"x_list": [0, 10, 20, 30, 40, 50, 60, 70, 80, 90, 100, 110, 120, 130, 140, 150, 160, 170, 180, 190, 200, 210, 220, 230, 240, 250, 260, 270, 280, 290, 300, 310, 320, 330, 340, 350, 360, 370, 380, 390, 400, 410, 420, 430, 440, 450, 460, 470, 480, 490, 500, 510, 520, 530, 540, 550, 560, 570, 580, 590], "y_list": [0.14291003346443176, 0.14772306382656097, 0.15512771904468536, 0.16660495102405548, 0.18400591611862183, 0.20029616355895996, 0.21510551869869232, 0.24065160751342773, 0.2621251344680786, 0.2806367874145508, 0.29137352108955383, 0.29914844036102295, 0.30470195412635803, 0.3091447651386261, 0.3139577805995941, 0.33024805784225464, 0.33395037055015564, 0.3469085395336151, 0.3580155372619629, 0.37282484769821167, 0.3780081272125244, 0.39355793595314026, 0.39985188841819763, 0.40022212266921997, 0.40651607513427734, 0.4102184474468231, 0.40947794914245605, 0.4105886220932007, 0.4165123701095581, 0.4183635413646698, 0.42058494687080383, 0.42724916338920593, 0.4268789291381836, 0.43391337990760803, 0.4502035975456238, 0.4605700969696045, 0.4616808295249939, 0.4583487808704376, 0.45649757981300354, 0.45760828256607056, 0.4631617069244385, 0.47241759300231934, 0.47649019956588745, 0.47649019956588745, 0.47352832555770874, 0.4750092029571533, 0.4787115752696991, 0.48130321502685547, 0.48500552773475647, 0.48019251227378845, 0.4805627167224884, 0.48500552773475647, 0.4864864647388458, 0.48315438628196716, 0.4787115752696991, 0.4731580913066864, 0.4738985300064087, 0.47537946701049805, 0.47611990571022034, 0.476860374212265], "args": {"dataset": "cora", "model": "gcn", "learning_rate": 0.01, "epochs": 600, "hidden": 64, "dropout": 0.8, "weight_decay": 0.001, "early_stopping": 10, "max_degree": 3, "few_label_seed": 0, "few_label_number": 1, "confidence_threshold": 0.75, "feature_normalize": true, "exp_id": "2", "exp_times": "0"}}