{"x_list": [0, 10, 20, 30, 40, 50], "y_list": [0.14105886220932007, 0.1377267688512802, 0.1658644825220108, 0.202517569065094, 0.2251017987728119, 0.2573120892047882], "args": {"dataset": "cora", "model": "gcn", "learning_rate": 0.01, "epochs": 60, "hidden": 64, "dropout": 0.8, "weight_decay": 0.001, "early_stopping": 10, "max_degree": 3, "few_label_seed": 0, "few_label_number": 1, "confidence_threshold": 0.75, "feature_normalize": true, "exp_id": "1", "exp_times": "7"}}