{"x_list": [0, 10, 20, 30, 40, 50, 60, 70, 80, 90, 100, 110, 120, 130, 140, 150, 160, 170, 180, 190, 200, 210, 220, 230, 240, 250, 260, 270, 280, 290, 300, 310, 320, 330, 340, 350, 360, 370, 380, 390, 400, 410, 420, 430, 440, 450, 460, 470, 480, 490, 500, 510, 520, 530, 540, 550, 560, 570, 580, 590], "y_list": [0.14216956496238708, 0.14253979921340942, 0.13809700310230255, 0.14179933071136475, 0.14846351742744446, 0.14661236107349396, 0.14735282957553864, 0.1432802677154541, 0.15808957815170288, 0.16808588802814484, 0.15697889029979706, 0.15401703119277954, 0.1732691526412964, 0.18881896138191223, 0.20584967732429504, 0.23583857715129852, 0.26138466596603394, 0.25101813673973083, 0.24768602848052979, 0.25027766823768616, 0.2676786184310913, 0.2865605354309082, 0.2932247221469879, 0.29174378514289856, 0.29248425364494324, 0.3091447353363037, 0.3243243098258972, 0.3372824788093567, 0.33209919929504395, 0.3258052468299866, 0.3298777937889099, 0.3272861838340759, 0.3158089518547058, 0.3146982491016388, 0.32173267006874084, 0.3280266225337982, 0.33135873079299927, 0.33135876059532166, 0.3295075595378876, 0.3372824788093567, 0.3383931517601013, 0.3335801661014557, 0.32284337282180786, 0.32284337282180786, 0.32654571533203125, 0.3346908390522003, 0.33320990204811096, 0.3317289650440216, 0.33320990204811096, 0.33395037055015564, 0.33580154180526733, 0.34135502576828003, 0.34061455726623535, 0.34172528982162476, 0.3420954942703247, 0.3469085395336151, 0.3432062268257141, 0.3439466655254364, 0.335431307554245, 0.34357643127441406], "args": {"dataset": "cora", "model": "gcn", "learning_rate": 0.01, "epochs": 600, "hidden": 64, "dropout": 0.8, "weight_decay": 0.001, "early_stopping": 10, "max_degree": 3, "few_label_seed": 1, "few_label_number": 1, "confidence_threshold": 0.75, "feature_normalize": true, "exp_id": "2", "exp_times": "1"}}