{"x_list": [0, 10, 20, 30, 40, 50], "y_list": [0.13920770585536957, 0.13439466059207916, 0.15031468868255615, 0.17104774713516235, 0.19844500720500946, 0.2328767031431198], "args": {"dataset": "cora", "model": "gcn", "learning_rate": 0.01, "epochs": 60, "hidden": 64, "dropout": 0.8, "weight_decay": 0.001, "early_stopping": 10, "max_degree": 3, "few_label_seed": 0, "few_label_number": 1, "confidence_threshold": 0.75, "feature_normalize": true, "exp_id": "2", "exp_times": "7"}}