{"x_list": [0, 10, 20, 30, 40, 50, 60, 70, 80, 90, 100, 110, 120, 130, 140, 150, 160, 170, 180, 190, 200, 210, 220, 230, 240, 250, 260, 270, 280, 290, 300, 310, 320, 330, 340, 350, 360, 370, 380, 390, 400, 410, 420, 430, 440, 450, 460, 470, 480, 490, 500, 510, 520, 530, 540, 550, 560, 570, 580, 590], "y_list": [0.1432802677154541, 0.15327656269073486, 0.15660865604877472, 0.16734541952610016, 0.18770822882652283, 0.20584967732429504, 0.2299148291349411, 0.24435392022132874, 0.24546463787555695, 0.24620510637760162, 0.2565716505050659, 0.2610144317150116, 0.26693814992904663, 0.2761940062046051, 0.2921140193939209, 0.3043317198753357, 0.3098852336406708, 0.3169196546077728, 0.3176601231098175, 0.33135876059532166, 0.3465383052825928, 0.35283228754997253, 0.3495001792907715, 0.3506108522415161, 0.35949644446372986, 0.37097370624542236, 0.37837839126586914, 0.3817104697227478, 0.37467601895332336, 0.3646797239780426, 0.3554238975048065, 0.35098111629486084, 0.35468345880508423, 0.3561643958091736, 0.36616066098213196, 0.3739355802536011, 0.3798592686653137, 0.37911882996559143, 0.3805997669696808, 0.38800445199012756, 0.3813402056694031, 0.3620881140232086, 0.35394296050071716, 0.3580155372619629, 0.368382066488266, 0.36986300349235535, 0.3702332377433777, 0.3776378929615021, 0.37467601895332336, 0.3739355504512787, 0.36875230073928833, 0.36616066098213196, 0.36616066098213196, 0.365790456533432, 0.3646797239780426, 0.3572750687599182, 0.35949647426605225, 0.3724546432495117, 0.36986297369003296, 0.37726765871047974], "args": {"dataset": "cora", "model": "gcn", "learning_rate": 0.01, "epochs": 600, "hidden": 64, "dropout": 0.8, "weight_decay": 0.001, "early_stopping": 10, "max_degree": 3, "few_label_seed": 2, "few_label_number": 1, "confidence_threshold": 0.75, "feature_normalize": true, "exp_id": "2", "exp_times": "2"}}