{"x_list": [0, 10, 20, 30, 40, 50, 60, 70, 80, 90, 100, 110, 120, 130, 140, 150, 160, 170, 180, 190, 200, 210, 220, 230, 240, 250, 260, 270, 280, 290, 300, 310, 320, 330, 340, 350, 360, 370, 380, 390, 400, 410, 420, 430, 440, 450, 460, 470, 480, 490], "y_list": [0.14031840860843658, 0.17956312000751495, 0.23768973350524902, 0.3032210171222687, 0.3402443528175354, 0.37948909401893616, 0.435394287109375, 0.4653831422328949, 0.4787115752696991, 0.5172158479690552, 0.5183265209197998, 0.49426138401031494, 0.4946315884590149, 0.5453535914421082, 0.5379489064216614, 0.5216586589813232, 0.501295804977417, 0.5101814270019531, 0.5427619218826294, 0.5201777219772339, 0.503887414932251, 0.54165118932724, 0.5360977053642273, 0.5149944424629211, 0.5027767419815063, 0.49055901169776917, 0.5190669894218445, 0.5020362138748169, 0.5098111629486084, 0.49981489777565, 0.5005553364753723, 0.5783042907714844, 0.5690484642982483, 0.536467969417572, 0.539059579372406, 0.5982969403266907, 0.5634949207305908, 0.5557200908660889, 0.61199551820755, 0.6116252541542053, 0.6005182862281799, 0.5712698698043823, 0.5842280387878418, 0.6053313612937927, 0.6153276562690735, 0.6242132186889648, 0.6186597347259521, 0.6308773756027222, 0.5871899127960205, 0.5827471017837524], "args": {"dataset": "cora", "model": "gcn", "learning_rate": 0.03, "epochs": 500, "hidden": 64, "dropout": 0.8, "weight_decay": 0.001, "early_stopping": 10, "max_degree": 3, "few_label_seed": 0, "few_label_number": 1, "confidence_threshold": 0.6, "feature_normalize": true, "exp_id": "0", "exp_times": "8"}}