{"x_list": [0, 10, 20, 30, 40, 50, 60, 70, 80, 90, 100, 110, 120, 130, 140, 150, 160, 170, 180, 190, 200, 210, 220, 230, 240, 250, 260, 270, 280, 290, 300, 310, 320, 330, 340, 350, 360, 370, 380, 390, 400, 410, 420, 430, 440, 450, 460, 470, 480, 490], "y_list": [0.13513512909412384, 0.14735282957553864, 0.19733428955078125, 0.26249536871910095, 0.3298778235912323, 0.3580155372619629, 0.3646797239780426, 0.369492769241333, 0.4017030596733093, 0.43021103739738464, 0.41910406947135925, 0.43465378880500793, 0.47056645154953003, 0.4409478008747101, 0.4465012848377228, 0.47908177971839905, 0.4872269630432129, 0.4676046073436737, 0.47537946701049805, 0.4690855145454407, 0.4498334228992462, 0.46797478199005127, 0.4827841520309448, 0.45464634895324707, 0.4694557189941406, 0.48019251227378845, 0.4824138879776001, 0.4853757619857788, 0.46871528029441833, 0.46982598304748535, 0.4787115156650543, 0.47241759300231934, 0.4657534062862396, 0.4731580317020416, 0.5205479264259338, 0.48574599623680115, 0.4946315884590149, 0.48685669898986816, 0.44909289479255676, 0.4657534062862396, 0.48574599623680115, 0.4579785168170929, 0.47760090231895447, 0.4968530237674713, 0.48500552773475647, 0.5164753794670105, 0.5094409584999084, 0.4935208857059479, 0.4487227201461792, 0.5016660690307617], "args": {"dataset": "cora", "model": "gcn", "learning_rate": 0.03, "epochs": 500, "hidden": 64, "dropout": 0.8, "weight_decay": 0.001, "early_stopping": 10, "max_degree": 3, "few_label_seed": 0, "few_label_number": 1, "confidence_threshold": 0.6, "feature_normalize": true, "exp_id": "0", "exp_times": "7"}}