{"x_list": [0, 10, 20, 30, 40, 50], "y_list": [0.14253979921340942, 0.1517956256866455, 0.1629026234149933, 0.17771194875240326, 0.19215106964111328, 0.20659016072750092], "args": {"dataset": "cora", "model": "gcn", "learning_rate": 0.01, "epochs": 60, "hidden": 64, "dropout": 0.8, "weight_decay": 0.001, "early_stopping": 10, "max_degree": 3, "few_label_seed": 0, "few_label_number": 1, "confidence_threshold": 0.75, "feature_normalize": true, "exp_id": "1", "exp_times": "6"}}