{"x_list": [0, 10, 20, 30, 40, 50, 60, 70, 80, 90, 100, 110, 120, 130, 140, 150, 160, 170, 180, 190, 200, 210, 220, 230, 240, 250, 260, 270, 280, 290, 300, 310, 320, 330, 340, 350, 360, 370, 380, 390, 400, 410, 420, 430, 440, 450, 460, 470, 480, 490], "y_list": [0.1377267688512802, 0.10699740052223206, 0.09774158149957657, 0.10070344060659409, 0.13402442634105682, 0.14291003346443176, 0.1262495219707489, 0.1377267688512802, 0.15105515718460083, 0.1725286841392517, 0.1902998834848404, 0.2262125164270401, 0.29803773760795593, 0.3202517330646515, 0.3487597107887268, 0.35764530301094055, 0.3409847915172577, 0.3398740887641907, 0.33876341581344604, 0.34172528982162476, 0.35394299030303955, 0.3606071472167969, 0.34727877378463745, 0.35024064779281616, 0.3446871340274811, 0.3724546432495117, 0.3713439404964447, 0.34801924228668213, 0.36430948972702026, 0.36504998803138733, 0.3550536632537842, 0.3535727262496948, 0.3606071472167969, 0.3506108522415161, 0.3513513505458832, 0.36727139353752136, 0.369492769241333, 0.3761569559574127, 0.3813402056694031, 0.36504995822906494, 0.37282484769821167, 0.3891151547431946, 0.38504257798194885, 0.37837833166122437, 0.38208070397377014, 0.3768974542617798, 0.3931877017021179, 0.3776378929615021, 0.3702332377433777, 0.38134026527404785], "args": {"dataset": "cora", "model": "gcn", "learning_rate": 0.03, "epochs": 500, "hidden": 64, "dropout": 0.8, "weight_decay": 0.001, "early_stopping": 10, "max_degree": 3, "few_label_seed": 0, "few_label_number": 1, "confidence_threshold": 0.6, "feature_normalize": true, "exp_id": "0", "exp_times": "5"}}