{"x_list": [0, 10, 20, 30, 40, 50], "y_list": [0.14105886220932007, 0.14291001856327057, 0.16031098365783691, 0.17882265150547028, 0.20103663206100464, 0.21843761205673218], "args": {"dataset": "cora", "model": "gcn", "learning_rate": 0.01, "epochs": 60, "hidden": 64, "dropout": 0.8, "weight_decay": 0.001, "early_stopping": 10, "max_degree": 3, "few_label_seed": 0, "few_label_number": 1, "confidence_threshold": 0.75, "feature_normalize": true, "exp_id": "1", "exp_times": "4"}}