{"x_list": [0, 10, 20, 30, 40, 50, 60, 70, 80, 90, 100, 110, 120, 130, 140, 150, 160, 170, 180, 190, 200, 210, 220, 230, 240, 250, 260, 270, 280, 290, 300, 310, 320, 330, 340, 350, 360, 370, 380, 390, 400, 410, 420, 430, 440, 450, 460, 470, 480, 490, 500, 510, 520, 530, 540, 550, 560, 570, 580, 590], "y_list": [0.14439097046852112, 0.14402073621749878, 0.14476118981838226, 0.14735282957553864, 0.15253609418869019, 0.16142168641090393, 0.1677156537771225, 0.18770825862884521, 0.2073305994272232, 0.23213626444339752, 0.23954088985919952, 0.24768604338169098, 0.25138840079307556, 0.26693814992904663, 0.27286189794540405, 0.2858200669288635, 0.3061828911304474, 0.31506848335266113, 0.32469454407691956, 0.335431307554245, 0.34542760252952576, 0.35098111629486084, 0.3617178499698639, 0.3676415979862213, 0.35949647426605225, 0.3561643958091736, 0.36134764552116394, 0.3598667085170746, 0.36060717701911926, 0.3580155372619629, 0.3620881140232086, 0.36245834827423096, 0.367271363735199, 0.36912253499031067, 0.36690112948417664, 0.3609773814678192, 0.35764530301094055, 0.3532025218009949, 0.35468345880508423, 0.36319878697395325, 0.3665308952331543, 0.37097370624542236, 0.3646797239780426, 0.36134764552116394, 0.36023691296577454, 0.36134764552116394, 0.36875230073928833, 0.3713439106941223, 0.3720844089984894, 0.3639392554759979, 0.36023691296577454, 0.36690112948417664, 0.3757867217063904, 0.3787485957145691, 0.37282487750053406, 0.3676415979862213, 0.37097370624542236, 0.3713439106941223, 0.36616066098213196, 0.3609774112701416], "args": {"dataset": "cora", "model": "gcn", "learning_rate": 0.01, "epochs": 600, "hidden": 64, "dropout": 0.8, "weight_decay": 0.001, "early_stopping": 10, "max_degree": 3, "few_label_seed": 0, "few_label_number": 1, "confidence_threshold": 0.6, "feature_normalize": true, "exp_id": "0", "exp_times": "0"}}