{"x_list": [0, 10, 20, 30, 40, 50], "y_list": [0.14439097046852112, 0.1414290964603424, 0.15845981240272522, 0.19178082048892975, 0.21325434744358063, 0.24546463787555695], "args": {"dataset": "cora", "model": "gcn", "learning_rate": 0.01, "epochs": 60, "hidden": 64, "dropout": 0.8, "weight_decay": 0.001, "early_stopping": 10, "max_degree": 3, "few_label_seed": 0, "few_label_number": 1, "confidence_threshold": 0.75, "feature_normalize": true, "exp_id": "2", "exp_times": "6"}}