{"x_list": [0, 10, 20, 30, 40, 50, 60, 70, 80, 90, 100, 110, 120, 130, 140, 150, 160, 170, 180, 190, 200, 210, 220, 230, 240, 250, 260, 270, 280, 290, 300, 310, 320, 330, 340, 350, 360, 370, 380, 390, 400, 410, 420, 430, 440, 450, 460, 470, 480, 490], "y_list": [0.13439466059207916, 0.17882265150547028, 0.2547204792499542, 0.2965568006038666, 0.3176601231098175, 0.3776378929615021, 0.3554239273071289, 0.3569048345088959, 0.363569051027298, 0.3787485957145691, 0.37171414494514465, 0.36801183223724365, 0.36134764552116394, 0.35653460025787354, 0.36208808422088623, 0.34357643127441406, 0.3665308952331543, 0.36134764552116394, 0.369492769241333, 0.3646797239780426, 0.36986297369003296, 0.3687523305416107, 0.36060717701911926, 0.35949647426605225, 0.3635690212249756, 0.3572750389575958, 0.3513513505458832, 0.3694927394390106, 0.3524620234966278, 0.34616807103157043, 0.3554238975048065, 0.36801183223724365, 0.3702332675457001, 0.3602369427680969, 0.36319878697395325, 0.35394299030303955, 0.3598667085170746, 0.37097370624542236, 0.37652719020843506, 0.36319878697395325, 0.35579413175582886, 0.3587559759616852, 0.3750462532043457, 0.3543131649494171, 0.3639392554759979, 0.3931877017021179, 0.374305784702301, 0.3798593282699585, 0.39911144971847534, 0.37282484769821167], "args": {"dataset": "cora", "model": "gcn", "learning_rate": 0.03, "epochs": 500, "hidden": 64, "dropout": 0.8, "weight_decay": 0.001, "early_stopping": 10, "max_degree": 3, "few_label_seed": 0, "few_label_number": 1, "confidence_threshold": 0.6, "feature_normalize": true, "exp_id": "0", "exp_times": "2"}}