{"x_list": [0, 10, 20, 30, 40, 50, 60, 70, 80, 90, 100, 110, 120, 130, 140, 150, 160, 170, 180, 190, 200, 210, 220, 230, 240, 250, 260, 270, 280, 290, 300, 310, 320, 330, 340, 350, 360, 370, 380, 390, 400, 410, 420, 430, 440, 450, 460, 470, 480, 490, 500, 510, 520, 530, 540, 550, 560, 570, 580, 590], "y_list": [0.14253978431224823, 0.1506849229335785, 0.15994074940681458, 0.18141429126262665, 0.2121436446905136, 0.23065532743930817, 0.26990002393722534, 0.2924842834472656, 0.31691962480545044, 0.3457978367805481, 0.36616066098213196, 0.39244720339775085, 0.4287301003932953, 0.4476119875907898, 0.4713068902492523, 0.47723063826560974, 0.45649757981300354, 0.4468715488910675, 0.4572380483150482, 0.47389858961105347, 0.4757497310638428, 0.47797107696533203, 0.4842650592327118, 0.508330225944519, 0.5264716744422913, 0.538689374923706, 0.5446130633354187, 0.5457237362861633, 0.5379489064216614, 0.5283228158950806, 0.5290632843971252, 0.5323953628540039, 0.5298037528991699, 0.52943354845047, 0.5383191108703613, 0.5379489064216614, 0.539059579372406, 0.5446130633354187, 0.5531284213066101, 0.5553498864173889, 0.5616437792778015, 0.5516475439071655, 0.5523880124092102, 0.5534986853599548, 0.572010338306427, 0.5827471017837524, 0.5801554918289185, 0.5868196487426758, 0.5875601172447205, 0.5871899127960205, 0.5845982432365417, 0.5875601768493652, 0.5934838652610779, 0.5905219912528992, 0.5853387713432312, 0.5842280387878418, 0.6064420342445374, 0.6042206287384033, 0.5945945382118225, 0.5886708498001099], "args": {"dataset": "cora", "model": "gcn", "learning_rate": 0.01, "epochs": 600, "hidden": 64, "dropout": 0.8, "weight_decay": 0.001, "early_stopping": 10, "max_degree": 3, "few_label_seed": 3, "few_label_number": 1, "confidence_threshold": 0.75, "feature_normalize": true, "exp_id": "2", "exp_times": "3"}}