{"x_list": [0, 10, 20, 30, 40, 50], "y_list": [0.1432802677154541, 0.13698628544807434, 0.14068862795829773, 0.1517956256866455, 0.16660496592521667, 0.181784525513649], "args": {"dataset": "cora", "model": "gcn", "learning_rate": 0.01, "epochs": 60, "hidden": 64, "dropout": 0.8, "weight_decay": 0.001, "early_stopping": 10, "max_degree": 3, "few_label_seed": 0, "few_label_number": 1, "confidence_threshold": 0.75, "feature_normalize": true, "exp_id": "1", "exp_times": "2"}}