{"x_list": [0, 10, 20, 30, 40, 50], "y_list": [0.14253979921340942, 0.1506849229335785, 0.1621621549129486, 0.1640133410692215, 0.16142168641090393, 0.17549054324626923], "args": {"dataset": "cora", "model": "gcn", "learning_rate": 0.01, "epochs": 60, "hidden": 64, "dropout": 0.8, "weight_decay": 0.001, "early_stopping": 10, "max_degree": 3, "few_label_seed": 0, "few_label_number": 1, "confidence_threshold": 0.75, "feature_normalize": true, "exp_id": "2", "exp_times": "5"}}