{"x_list": [0, 10, 20, 30, 40, 50, 60, 70, 80, 90, 100, 110, 120, 130, 140, 150, 160, 170, 180, 190, 200, 210, 220, 230, 240, 250, 260, 270, 280, 290, 300, 310, 320, 330, 340, 350, 360, 370, 380, 390, 400, 410, 420, 430, 440, 450, 460, 470, 480, 490, 500, 510, 520, 530, 540, 550, 560, 570, 580, 590], "y_list": [0.13920770585536957, 0.1329137235879898, 0.14365050196647644, 0.14957422018051147, 0.14957422018051147, 0.15290631353855133, 0.1554979532957077, 0.16993705928325653, 0.18622732162475586, 0.203628271818161, 0.22065898776054382, 0.2524990737438202, 0.28767120838165283, 0.31691962480545044, 0.3269159495830536, 0.33395037055015564, 0.3461681008338928, 0.35394299030303955, 0.35875600576400757, 0.3654201924800873, 0.37837839126586914, 0.3809700012207031, 0.38800445199012756, 0.3920769989490509, 0.393928200006485, 0.3931877017021179, 0.3939281404018402, 0.3909663259983063, 0.39614951610565186, 0.4072565734386444, 0.39911139011383057, 0.38022953271865845, 0.36986300349235535, 0.37726765871047974, 0.40281376242637634, 0.4139207601547241, 0.4150314927101135, 0.41429099440574646, 0.4191040098667145, 0.41429099440574646, 0.42095524072647095, 0.42280635237693787, 0.43502405285835266, 0.4502035975456238, 0.45945945382118225, 0.459829717874527, 0.4361347556114197, 0.42613843083381653, 0.42354682087898254, 0.4383561611175537, 0.4446501135826111, 0.4476119875907898, 0.4416882395744324, 0.4531654715538025, 0.44724172353744507, 0.4457608461380005, 0.4531654715538025, 0.4520547688007355, 0.4413180351257324, 0.44316914677619934], "args": {"dataset": "cora", "model": "gcn", "learning_rate": 0.01, "epochs": 600, "hidden": 64, "dropout": 0.8, "weight_decay": 0.001, "early_stopping": 10, "max_degree": 3, "few_label_seed": 4, "few_label_number": 1, "confidence_threshold": 0.75, "feature_normalize": true, "exp_id": "2", "exp_times": "4"}}