{"x_list": [0, 10, 20, 30, 40, 50, 60, 70, 80, 90, 100, 110, 120, 130, 140, 150, 160, 170, 180, 190, 200, 210, 220, 230, 240, 250, 260, 270, 280, 290, 300, 310, 320, 330, 340, 350, 360, 370, 380, 390, 400, 410, 420, 430, 440, 450, 460, 470, 480, 490], "y_list": [0.1469825953245163, 0.11995556205511093, 0.14957422018051147, 0.18030358850955963, 0.25212883949279785, 0.28396889567375183, 0.2902628779411316, 0.2976675033569336, 0.3365420401096344, 0.3957793116569519, 0.4139207601547241, 0.4194742441177368, 0.4220658838748932, 0.43317288160324097, 0.43502405285835266, 0.43798592686653137, 0.4568677842617035, 0.4572380483150482, 0.45279523730278015, 0.44613102078437805, 0.4524250328540802, 0.4394668638706207, 0.4453905522823334, 0.44242867827415466, 0.4524250328540802, 0.4550166428089142, 0.4453905522823334, 0.44353941082954407, 0.4416882395744324, 0.4316919147968292, 0.4476119875907898, 0.43761566281318665, 0.4427989721298218, 0.4568677842617035, 0.4446501135826111, 0.4335431158542633, 0.442798912525177, 0.459829717874527, 0.4587189853191376, 0.45279520750045776, 0.4587189555168152, 0.4605700969696045, 0.4446501135826111, 0.4487227201461792, 0.4483524262905121, 0.4635319709777832, 0.44242867827415466, 0.4220658838748932, 0.4324324131011963, 0.43983709812164307], "args": {"dataset": "cora", "model": "gcn", "learning_rate": 0.03, "epochs": 500, "hidden": 64, "dropout": 0.8, "weight_decay": 0.001, "early_stopping": 10, "max_degree": 3, "few_label_seed": 0, "few_label_number": 1, "confidence_threshold": 0.6, "feature_normalize": true, "exp_id": "0", "exp_times": "4"}}