{"x_list": [0, 10, 20, 30, 40, 50, 60, 70, 80, 90, 100, 110, 120, 130, 140, 150, 160, 170, 180, 190, 200, 210, 220, 230, 240, 250, 260, 270, 280, 290, 300, 310, 320, 330, 340, 350, 360, 370, 380, 390, 400, 410, 420, 430, 440, 450, 460, 470, 480, 490], "y_list": [0.1366160660982132, 0.18067382276058197, 0.23065529763698578, 0.25768232345581055, 0.32284337282180786, 0.3591262400150299, 0.37726765871047974, 0.41132915019989014, 0.4305812418460846, 0.43872636556625366, 0.4502035975456238, 0.46057015657424927, 0.4690855145454407, 0.47723063826560974, 0.46871528029441833, 0.47352832555770874, 0.47278785705566406, 0.47463902831077576, 0.47278785705566406, 0.4694557189941406, 0.46427252888679504, 0.4553869068622589, 0.45649757981300354, 0.4572380483150482, 0.4824138879776001, 0.4727878272533417, 0.46982598304748535, 0.48574602603912354, 0.4824139177799225, 0.4672343134880066, 0.4676045775413513, 0.4676045775413513, 0.4553869068622589, 0.4635319709777832, 0.47352832555770874, 0.4620510935783386, 0.4805627167224884, 0.4798222780227661, 0.47908177971839905, 0.4935208857059479, 0.4738985300064087, 0.4579785168170929, 0.4713068902492523, 0.48389482498168945, 0.47241759300231934, 0.47093665599823, 0.46797478199005127, 0.46501296758651733, 0.46871528029441833, 0.4975934624671936], "args": {"dataset": "cora", "model": "gcn", "learning_rate": 0.03, "epochs": 500, "hidden": 64, "dropout": 0.8, "weight_decay": 0.001, "early_stopping": 10, "max_degree": 3, "few_label_seed": 0, "few_label_number": 1, "confidence_threshold": 0.6, "feature_normalize": true, "exp_id": "0", "exp_times": "3"}}