{"x_list": [0, 10, 20, 30, 40, 50], "y_list": [0.13883747160434723, 0.15216585993766785, 0.1610514372587204, 0.17919288575649261, 0.18918919563293457, 0.19659385085105896], "args": {"dataset": "cora", "model": "gcn", "learning_rate": 0.01, "epochs": 60, "hidden": 64, "dropout": 0.8, "weight_decay": 0.001, "early_stopping": 10, "max_degree": 3, "few_label_seed": 0, "few_label_number": 1, "confidence_threshold": 0.75, "feature_normalize": true, "exp_id": "2", "exp_times": "9"}}