{"x_list": [0, 10, 20, 30, 40, 50, 60, 70, 80, 90, 100, 110, 120, 130, 140, 150, 160, 170, 180, 190, 200, 210, 220, 230, 240, 250, 260, 270, 280, 290, 300, 310, 320, 330, 340, 350, 360, 370, 380, 390, 400, 410, 420, 430, 440, 450, 460, 470, 480, 490], "y_list": [0.14068862795829773, 0.16364309191703796, 0.2336171567440033, 0.20659016072750092, 0.20844131708145142, 0.25953352451324463, 0.30581268668174744, 0.31617918610572815, 0.3032210171222687, 0.33209919929504395, 0.3135875463485718, 0.3243243098258972, 0.3739355802536011, 0.36727139353752136, 0.374305784702301, 0.3798592686653137, 0.3846723139286041, 0.38689371943473816, 0.37726765871047974, 0.3780081272125244, 0.3787485659122467, 0.35838577151298523, 0.3846723437309265, 0.3724546730518341, 0.38763418793678284, 0.3757867217063904, 0.36875230073928833, 0.3554238975048065, 0.35838577151298523, 0.3620881140232086, 0.390225887298584, 0.3843020796775818, 0.3776378929615021, 0.3602369427680969, 0.38282114267349243, 0.405035138130188, 0.38652345538139343, 0.39170676469802856, 0.40096262097358704, 0.37652719020843506, 0.37726765871047974, 0.40762680768966675, 0.4116993546485901, 0.4109588861465454, 0.4072565734386444, 0.405035138130188, 0.4061458706855774, 0.4268789291381836, 0.42465755343437195, 0.4239170551300049], "args": {"dataset": "cora", "model": "gcn", "learning_rate": 0.03, "epochs": 500, "hidden": 64, "dropout": 0.8, "weight_decay": 0.001, "early_stopping": 10, "max_degree": 3, "few_label_seed": 0, "few_label_number": 1, "confidence_threshold": 0.6, "feature_normalize": true, "exp_id": "0", "exp_times": "6"}}