{"x_list": [0, 10, 20, 30, 40, 50, 60, 70, 80, 90, 100, 110, 120, 130, 140, 150, 160, 170, 180, 190, 200, 210, 220, 230, 240, 250, 260, 270, 280, 290, 300, 310, 320, 330, 340, 350, 360, 370, 380, 390, 400, 410, 420, 430, 440, 450, 460, 470, 480, 490], "y_list": [0.14772306382656097, 0.16808588802814484, 0.21510551869869232, 0.32765641808509827, 0.4750092029571533, 0.4964827597141266, 0.5331358313560486, 0.5579414367675781, 0.5738615393638611, 0.5668270587921143, 0.5994076132774353, 0.630507230758667, 0.6268048286437988, 0.6086634397506714, 0.6316179037094116, 0.6360607147216797, 0.6164383292198181, 0.6308773756027222, 0.6368011832237244, 0.6453165411949158, 0.6397629976272583, 0.6286560297012329, 0.635690450668335, 0.6249536871910095, 0.6405035257339478, 0.6308774352073669, 0.630507230758667, 0.6549425721168518, 0.6490188837051392, 0.6445760726928711, 0.6349499821662903, 0.6630877256393433, 0.650129497051239, 0.6182895302772522, 0.6423546075820923, 0.6512402892112732, 0.6530913710594177, 0.6297667026519775, 0.6416141986846924, 0.6419844627380371, 0.6249536871910095, 0.6234727501869202, 0.6334691047668457, 0.6423546671867371, 0.6301369667053223, 0.6497593522071838, 0.6553128361701965, 0.6553128361701965, 0.6604960560798645, 0.661236584186554], "args": {"dataset": "cora", "model": "gcn", "learning_rate": 0.03, "epochs": 500, "hidden": 64, "dropout": 0.8, "weight_decay": 0.001, "early_stopping": 10, "max_degree": 3, "few_label_seed": 0, "few_label_number": 1, "confidence_threshold": 0.6, "feature_normalize": true, "exp_id": "0", "exp_times": "9"}}